{"cameraMode":{"drawMode":0,"name":"Shaded","section":"Shading Mode"},"sceneLighting":true,"audioPlay":false,"sceneViewState":{"m_AlwaysRefresh":false,"showFog":true,"showSkybox":true,"showFlares":true,"showImageEffects":true,"showParticleSystems":true,"showVisualEffectGraphs":true,"m_FxEnabled":true},"in2DMode":false,"pivot":{"x":0.4642349183559418,"y":-0.23475933074951173,"z":-0.026893123984336854},"rotation":{"x":-0.1448156237602234,"y":-0.7087100744247437,"z":0.1523977518081665,"w":-0.6734511256217957},"size":2.992656707763672,"orthographic":false}