{"cameraMode":{"drawMode":0,"name":"Shaded","section":"Shading Mode"},"sceneLighting":true,"audioPlay":false,"sceneViewState":{"m_AlwaysRefresh":false,"showFog":true,"showSkybox":true,"showFlares":true,"showImageEffects":true,"showParticleSystems":true,"showVisualEffectGraphs":true,"m_FxEnabled":true},"in2DMode":false,"pivot":{"x":-19.294681549072267,"y":3.7930150032043459,"z":-45.75621795654297},"rotation":{"x":0.11522374302148819,"y":0.019371896982192994,"z":-0.0022468825336545707,"w":0.9931585192680359},"size":11.57875919342041,"orthographic":false}